doi,ytid
10.1145/3779209.3779537,JdbrtFS7N44
10.1145/3779209.3779534,2W5iS1aASy8
10.1145/3779209.3779536,A0RNmXu1pKs
10.1145/3779209.3787154,dXpuUMmJet4
10.1145/3779209.3779535,RcITT_xmk3E
10.1145/3779209.3779538,PDZZjJmPwfg
10.1145/3779031.3779100,K_W0T2kVIqk
10.1145/3779031.3779097,pKMgMZUx8LQ
10.1145/3779031.3779108,s-n3sLxx8mw
10.1145/3779031.3779105,Sssz_QMk1iQ
10.1145/3779031.3779107,4uaOkPYmO-4
10.1145/3779031.3779092,v_hL8RB4tnE
10.1145/3779031.3779102,spR9AjLI5Eg
10.1145/3779031.3779095,XCKf6LUP5Hc
10.1145/3779031.3779085,HGa6a1zXAcA
10.1145/3779031.3779090,Xn3M5Y71lrI
10.1145/3779031.3779111,21sJ19OZ3yM
10.1145/3779031.3779104,MzZkltRpmuE
10.1145/3779031.3779089,5O6eSztbk4o
10.1145/3779031.3779094,IS3z9TI-xnU
10.1145/3779031.3779106,sujg17_9n54
10.1145/3779031.3779101,O0oNNVzXUbI
10.1145/3779031.3779093,VlN4034k2wc
10.1145/3779031.3779087,iMkxBZvMSr0
10.1145/3779031.3779099,TlIg3EB4X40
10.1145/3779031.3779110,GBSGXYngWcg
10.1145/3779031.3779109,b3JsFEA5544
10.1145/3779031.3779091,wxAgi1xBQsI
10.1145/3779031.3779096,RBDezJrPLvs
10.1145/3779031.3779086,WsmwKc4kCnA
10.1007/978-3-032-15700-3_4,oyVcKs6F8zs
10.1007/978-3-032-15700-3_2,5MTLIhJ7vcY
10.1007/978-3-032-15700-3_10,IhwezgHFCqM
10.1007/978-3-032-15700-3_12,laxkySwDW-I
10.1007/978-3-032-15700-3_16,WqDRTB11FmA
10.1007/978-3-032-15700-3_14,UtnB5T8PcnM
10.1007/978-3-032-15700-3_13,oIbyXF6nUUQ
10.1007/978-3-032-15700-3_15,49wrVvMJlQg
10.1007/978-3-032-15700-3_8,ZmdorugLxg4
10.1007/978-3-032-15700-3_11,tbFm-VUyzOM
10.1007/978-3-032-15700-3_3,XwOMC1vvj3o
10.1007/978-3-032-15700-3_7,e1QWCE0Rq3k
10.1007/978-3-032-15700-3_18,fd5VvtcKZ3g
10.1007/978-3-032-15700-3_6,J_S1opDihr0
10.1007/978-3-032-15700-3_17,WKFXUsd5oqY
10.1007/978-3-032-15700-3_1,-TgKg30qiMY
10.1145/3776664,YLa8zaMhlGE
10.1145/3776645,addaCA2ha-Q
10.1145/3776672,uOfHaNCPcFk
10.1145/3776704,fdQbzWbHkmM
10.1145/3776731,7y9QGVMHp48
10.1145/3776720,R9XbjQ8f5CE
10.1145/3776666,vFL57yF2FZ4
10.1145/3776681,mg3ZUNuDD8A
10.1145/3776649,9M_E7mPaLQ4
10.1145/3776699,oM6jr8UfPWo
10.1145/3776711,8fLXKNBN8_c
10.1145/3776678,HK2NmdyUuho
10.1145/3776706,dyZeEuJcyWw
10.1145/3776674,8Mo62DxbP04
10.1145/3776702,WxkERJ_7yLI
10.1145/3776682,jqKqKp7gJnE
10.1145/3776658,zrbv4FECg8w
10.1145/3776648,CBR9EfKSjBY
10.1145/3776646,jCL6GFFHOfw
10.1145/3776676,HjWjrERyHi8
10.1145/3776696,_ZceLxQd64Q
10.1145/3776730,9UwaQV9FDT0
10.1145/3776671,5SSaPZUmBNk
10.1145/3776694,KmCt1Tprtno
10.1145/3776717,H8ECOrFPrIQ
10.1145/3776679,7CRp2IMuVDo
10.1145/3776688,ZacNZbVrKC8
10.1145/3776707,5G0QaGh_TCg
10.1145/3776718,OEYWCZh5IjA
10.1145/3776689,56EHz5sudmo
10.1145/3776703,lRqzInOaaNY
10.1145/3776665,vf4Q2WZQEOo
10.1145/3776726,SU7XP4KtMg0
10.1145/3776722,TMmG9YsbzGU
10.1145/3776651,aa6ilA40NbY
10.1145/3776675,JVGS_nBa5Q4
10.1145/3776729,k3Opi9884pU
10.1145/3776663,W3jcDfSmNCI
10.1145/3776701,OnJaLr-msxc
10.1145/3776643,c0uGcDST1sA
10.1145/3776691,a-Olje_IxDE
10.1145/3776715,vppZIt2wUb4
10.1145/3776697,rWbQ1SQJ-84
10.1145/3776727,l8YAEPbWsJ8
10.1145/3776725,kio20KnHAe8
10.1145/3776685,4YffKoUiWsI
10.1145/3776695,tRy3v28fONY
10.1145/3776667,jM3Km86mUMM
10.1145/3776733,VhAwHC-fK4Y
10.1145/3776732,XVYY2Y9Bc74
10.1145/3776692,9zqRnKBJ1e0
10.1145/3776724,uvbb_qsV72s
10.1145/3776710,c3YaEP5X0YU
10.1145/3776656,EsE9cx7PB3A
10.1145/3776712,JUsI21KtXG4
10.1145/3776716,L9ZX72_hCLg
10.1145/3776686,wXwPNagM9Ho
10.1145/3776698,JIKFTJPjjVs
10.1145/3776652,OWKI6_znT98
10.1145/3776660,6kSskJCPsSY
10.1145/3776693,Gl2t_RekVAE
10.1145/3776709,L1XWfFnIQMY
10.1145/3776690,9A8ZeDIStAs
10.1145/3776680,NzfaKoX5yYs
10.1145/3776723,jQ9VN3n5aHA
10.1145/3776662,-bFYoIXK3MA
10.1145/3776657,Lr339NLTqOk
10.1145/3776644,9v6uV1psqvg
10.1145/3776653,FHEIC7FblzE
10.1145/3776650,Il8yfHfo2gk
10.1145/3776687,bKDtrzrcwoQ
10.1145/3776683,88KGuHesdPI
10.1145/3776700,wIKDMX1oxG0
10.1145/3776659,AwQoXzK9rho
10.1145/3776677,NRhFQHBtoPs
10.1145/3776708,ja4Kqe56o2w
10.1145/3776705,c4Tc8YYd6X4
10.1145/3776668,EPpnBX7-wFY
10.1145/3776713,h0J9irkgCcg
10.1145/3776655,OCzpOy2hq5g
10.1145/3776684,xAmmIP6ouUk
10.1145/3776719,PexKOn1xUHo
10.1145/3776673,XgJBFJWMUxI
10.1145/3776728,MAbg43L3MIA
10.1145/3776670,aq8_KMmGFVo
10.1145/3776669,iN3JWucsIcs
